{"cameraMode":{"drawMode":0,"name":"Shaded","section":"Shading Mode"},"sceneLighting":true,"audioPlay":false,"sceneViewState":{"showFog":true,"showMaterialUpdate":true,"showSkybox":true,"showFlares":true,"showImageEffects":true,"showParticleSystems":true},"in2DMode":false,"pivot":{"x":2.260528564453125,"y":4.216796875,"z":-2.6572265625},"rotation":{"x":-0.4511326253414154,"y":-0.009175455197691918,"z":0.005085402633994818,"w":-0.8925412893295288},"size":15.548643112182618,"orthographic":true}